Destination,Time
"(37.463194207680495, -8.237291771914505)",0.5200990756341527
"(37.783354090148315, -8.647170654187905)",0.6272570934231422
"(38.61811210448749, -8.297872443397525)",1.1565056705967423
